{"cameraMode":{"drawMode":0,"name":"Shaded","section":"Shading Mode"},"sceneLighting":false,"audioPlay":false,"sceneViewState":{"showFog":true,"showMaterialUpdate":false,"showSkybox":true,"showFlares":true,"showImageEffects":true,"showParticleSystems":true},"in2DMode":false,"pivot":{"x":-0.15148082375526429,"y":0.09797851741313935,"z":0.024451732635498048},"rotation":{"x":-0.3257468640804291,"y":-0.006526182405650616,"z":0.0022485232912003996,"w":-0.945432186126709},"size":0.07891296595335007,"orthographic":false}