{"cameraMode":{"drawMode":0,"name":"Shaded","section":"Shading Mode"},"sceneLighting":true,"audioPlay":false,"sceneViewState":{"showFog":true,"showMaterialUpdate":false,"showSkybox":true,"showFlares":true,"showImageEffects":true,"showParticleSystems":true},"in2DMode":false,"pivot":{"x":-5.870351791381836,"y":-1.775264024734497,"z":1.6802003383636475},"rotation":{"x":-0.36416611075401308,"y":0.527224600315094,"z":-0.2666987478733063,"w":-0.7199322581291199},"size":7.210472106933594,"orthographic":false}